Title,Key,Date,Genre,vn,vc,pf,va,pf4h,cl/vn,orch,ob,cl,bn,hn,db,pf.1,"flute,","violin,",viola,v,pf/org,fl,sop,vv,ch,eh,fl/vn,ww,br,org,alt,ten,bass
Piano Trio No.1,Eb­ major,1792,Chamber,1,1,1,0,0,0,0,0,0,0,0,0,1,0,0,0,1,0,0,0,0,0,0,0,0,0,0,0,0,0
Piano Trio No.2,G major,1792,Chamber,1,1,1,0,0,0,0,0,0,0,0,0,1,0,0,0,1,0,0,0,0,0,0,0,0,0,0,0,0,0
Piano Trio No.3,C minor,1792,Chamber,1,1,1,0,0,0,0,0,0,0,0,0,1,0,0,0,1,0,0,0,0,0,0,0,0,0,0,0,0,0
Piano Sonata No.1,F minor,1793,Keyboard,0,0,1,0,0,0,0,0,0,0,0,0,1,0,0,0,0,0,0,0,0,0,0,0,0,0,0,0,0,0
Piano Sonata No.2,A major,1794,Keyboard,0,0,1,0,0,0,0,0,0,0,0,0,1,0,0,0,0,0,0,0,0,0,0,0,0,0,0,0,0,0
Piano Sonata No.3,C major,1794,Keyboard,0,0,1,0,0,0,0,0,0,0,0,0,1,0,0,0,0,0,0,0,0,0,0,0,0,0,0,0,0,0
String Trio,Eb­ major,1794,Chamber,1,1,0,1,0,0,0,0,0,0,0,0,0,0,0,0,1,0,0,0,0,0,0,0,0,0,0,0,0,0
String Quintet,Eb­ major,1795,Chamber,1,1,0,1,0,0,0,0,0,0,0,0,0,0,0,0,1,0,0,0,0,0,0,0,0,0,0,0,0,0
Cello Sonata No.1,F major,1796,Chamber,0,1,1,0,0,0,0,0,0,0,0,0,1,0,0,0,1,0,0,0,0,0,0,0,0,0,0,0,0,0
Cello Sonata No.2,G minor,1796,Chamber,0,1,1,0,0,0,0,0,0,0,0,0,1,0,0,0,1,0,0,0,0,0,0,0,0,0,0,0,0,0
Sonata for Piano Four Hands in D major,D major,1796,Keyboard,0,0,1,0,1,0,0,0,0,0,0,0,1,0,0,0,0,0,0,0,0,0,0,0,0,0,0,0,0,0
Piano Sonata No.4 ('Grand Sonata'),Eb­ major,1796,Keyboard,0,0,1,0,0,0,0,0,0,0,0,0,1,0,0,0,0,0,0,0,0,0,0,0,0,0,0,0,0,0
Serenade,D major,1796,Chamber,1,1,0,1,0,0,0,0,0,0,0,0,0,0,0,0,1,0,0,0,0,0,0,0,0,0,0,0,0,0
String Trio No.1,G major,1797,Chamber,1,1,0,1,0,0,0,0,0,0,0,0,0,0,0,0,1,0,0,0,0,0,0,0,0,0,0,0,0,0
String Trio No.2,D major,1797,Chamber,1,1,0,1,0,0,0,0,0,0,0,0,0,0,0,0,1,0,0,0,0,0,0,0,0,0,0,0,0,0
String Trio No.3,C minor,1797,Chamber,1,1,0,1,0,0,0,0,0,0,0,0,0,0,0,0,1,0,0,0,0,0,0,0,0,0,0,0,0,0
Piano Sonata No.5,C minor,1795,Keyboard,0,0,1,0,0,0,0,0,0,0,0,0,1,0,0,0,0,0,0,0,0,0,0,0,0,0,0,0,0,0
Piano Sonata No.6,F major,1796,Keyboard,0,0,1,0,0,0,0,0,0,0,0,0,1,0,0,0,0,0,0,0,0,0,0,0,0,0,0,0,0,0
Piano Sonata No.7,D major,1797,Keyboard,0,0,1,0,0,0,0,0,0,0,0,0,1,0,0,0,0,0,0,0,0,0,0,0,0,0,0,0,0,0
Trio in B-flat major ('Gassenhauer'),Bb­ major,1797,Chamber,1,1,1,0,0,1,0,0,1,0,0,0,1,0,0,0,1,0,0,0,0,0,0,0,0,0,0,0,0,0
Violin Sonata No.1,D major,1797,Chamber,1,0,1,0,0,0,0,0,0,0,0,0,1,0,0,0,1,0,0,0,0,0,0,0,0,0,0,0,0,0
Violin Sonata No.2,A major,1797,Chamber,1,0,1,0,0,0,0,0,0,0,0,0,1,0,0,0,1,0,0,0,0,0,0,0,0,0,0,0,0,0
Violin Sonata No.3,Eb­ major,1797,Chamber,1,0,1,0,0,0,0,0,0,0,0,0,1,0,0,0,1,0,0,0,0,0,0,0,0,0,0,0,0,0
Piano Sonata No.8 ('Pathétique'),C minor,1797,Keyboard,0,0,1,0,0,0,0,0,0,0,0,0,1,0,0,0,0,0,0,0,0,0,0,0,0,0,0,0,0,0
Piano Sonata No.9,E major,1798,Keyboard,0,0,1,0,0,0,0,0,0,0,0,0,1,0,0,0,0,0,0,0,0,0,0,0,0,0,0,0,0,0
Piano Sonata No.10,G major,1799,Keyboard,0,0,1,0,0,0,0,0,0,0,0,0,1,0,0,0,0,0,0,0,0,0,0,0,0,0,0,0,0,0
Piano Concerto No.1,C major,1795,Orchestral,0,0,1,0,0,0,1,0,0,0,0,0,1,0,0,0,0,0,0,0,0,1,0,0,0,0,0,0,0,0
Quintet in E-flat major,Eb­ major,1796,Chamber,0,0,1,0,0,0,0,1,1,1,1,0,1,0,0,0,0,0,0,0,0,0,0,0,0,0,0,0,0,0
Quintet in E-flat major,Eb­ major,1796,Chamber,1,1,1,1,0,0,0,0,0,0,0,0,1,0,0,0,1,0,0,0,0,0,0,0,0,0,0,0,0,0
Horn Sonata,F major,1800,Chamber,0,0,1,0,0,0,0,0,0,0,1,0,1,0,0,0,0,0,0,0,0,0,0,0,0,0,0,0,0,0
String Quartet No.1,F major,1798,Chamber,1,1,0,1,0,0,0,0,0,0,0,0,0,0,0,0,1,0,0,0,0,0,0,0,0,0,0,0,0,0
String Quartet No.2,G major,1798,Chamber,1,1,0,1,0,0,0,0,0,0,0,0,0,0,0,0,1,0,0,0,0,0,0,0,0,0,0,0,0,0
String Quartet No.3,D major,1798,Chamber,1,1,0,1,0,0,0,0,0,0,0,0,0,0,0,0,1,0,0,0,0,0,0,0,0,0,0,0,0,0
String Quartet No.4,C minor,1798,Chamber,1,1,0,1,0,0,0,0,0,0,0,0,0,0,0,0,1,0,0,0,0,0,0,0,0,0,0,0,0,0
String Quartet No.5,A major,1798,Chamber,1,1,0,1,0,0,0,0,0,0,0,0,0,0,0,0,1,0,0,0,0,0,0,0,0,0,0,0,0,0
String Quartet No.6,Bb­ major,1798,Chamber,1,1,0,1,0,0,0,0,0,0,0,0,0,0,0,0,1,0,0,0,0,0,0,0,0,0,0,0,0,0
Piano Concerto No.2,Bb­ major,1788,Orchestral,0,0,1,0,0,0,1,0,0,0,0,0,1,0,0,0,0,0,0,0,0,1,0,0,0,0,0,0,0,0
Septet,Eb­ major,1799,Chamber,1,1,0,1,0,0,0,0,1,1,1,1,0,0,0,0,1,0,0,0,0,0,0,0,0,0,0,0,0,0
Symphony No.1,C major,1799,Orchestral,0,0,0,0,0,0,1,0,0,0,0,0,0,0,0,0,0,0,0,0,0,1,0,0,0,0,0,0,0,0
Piano Sonata No.11,Bb­ major,1800,Keyboard,0,0,1,0,0,0,0,0,0,0,0,0,1,0,0,0,0,0,0,0,0,0,0,0,0,0,0,0,0,0
Violin Sonata No.4,A minor,1800,Chamber,1,0,1,0,0,0,0,0,0,0,0,0,1,0,0,0,1,0,0,0,0,0,0,0,0,0,0,0,0,0
Violin Sonata No.5,F major,1800,Chamber,1,0,1,0,0,0,0,0,0,0,0,0,1,0,0,0,1,0,0,0,0,0,0,0,0,0,0,0,0,0
Serenade,D major,1801,Chamber,0,0,0,0,0,0,0,0,0,0,0,0,0,1,1,1,1,0,1,0,0,0,0,0,0,0,0,0,0,0
Piano Sonata No.12 ('Funeral March'),Ab­ major,1800,Keyboard,0,0,1,0,0,0,0,0,0,0,0,0,1,0,0,0,0,0,0,0,0,0,0,0,0,0,0,0,0,0
Piano Sonata No.13 ('Quasi una fantasia'),Eb­ major,1800,Keyboard,0,0,1,0,0,0,0,0,0,0,0,0,1,0,0,0,0,0,0,0,0,0,0,0,0,0,0,0,0,0
Piano Sonata No.14 ('Moonlight'),C# minor,1801,Keyboard,0,0,1,0,0,0,0,0,0,0,0,0,1,0,0,0,0,0,0,0,0,0,0,0,0,0,0,0,0,0
Piano Sonata No.15 ('Pastoral'),D major,1801,Keyboard,0,0,1,0,0,0,0,0,0,0,0,0,1,0,0,0,0,0,0,0,0,0,0,0,0,0,0,0,0,0
String Quintet in C major ('Storm'),C major,1801,Chamber,1,1,0,1,0,0,0,0,0,0,0,0,0,0,0,0,1,0,0,0,0,0,0,0,0,0,0,0,0,0
Violin Sonata No.6,A major,1801,Chamber,1,0,1,0,0,0,0,0,0,0,0,0,1,0,0,0,1,0,0,0,0,0,0,0,0,0,0,0,0,0
Violin Sonata No.7 ('Eroica'),C minor,1801,Chamber,1,0,1,0,0,0,0,0,0,0,0,0,1,0,0,0,1,0,0,0,0,0,0,0,0,0,0,0,0,0
Violin Sonata No.8,G major,1801,Chamber,1,0,1,0,0,0,0,0,0,0,0,0,1,0,0,0,1,0,0,0,0,0,0,0,0,0,0,0,0,0
Piano Sonata No.16,G major,1802,Keyboard,0,0,1,0,0,0,0,0,0,0,0,0,1,0,0,0,0,0,0,0,0,0,0,0,0,0,0,0,0,0
Piano Sonata No.17 ('Tempest'),D minor,1802,Keyboard,0,0,1,0,0,0,0,0,0,0,0,0,1,0,0,0,0,0,0,0,0,0,0,0,0,0,0,0,0,0
Piano Sonata No.18 ('Hunt'),Eb­ major,1802,Keyboard,0,0,1,0,0,0,0,0,0,0,0,0,1,0,0,0,0,0,0,0,0,0,0,0,0,0,0,0,0,0
"An die Hoffnung (""Die du so gern in heilgen Nächten feierst"")",NA,1804,Vocal,0,0,1,0,0,0,0,0,0,0,0,0,1,0,0,0,1,0,0,0,0,0,0,0,0,0,0,0,0,0
Bagatelles (7),NA,1801,Keyboard,0,0,1,0,0,0,0,0,0,0,0,0,1,0,0,0,0,0,0,0,0,0,0,0,0,0,0,0,0,0
Variations (6),F major,1802,Keyboard,0,0,1,0,0,0,0,0,0,0,0,0,1,0,0,0,0,0,0,0,0,0,0,0,0,0,0,0,0,0
Variations and Fugue ('Eroica Variations'),Eb­ major,1802,Keyboard,0,0,1,0,0,0,0,0,0,0,0,0,1,0,0,0,0,0,0,0,0,0,0,0,0,0,0,0,0,0
Symphony No.2,D major,1801,Orchestral,0,0,0,0,0,0,1,0,0,0,0,0,0,0,0,0,0,0,0,0,0,1,0,0,0,0,0,0,0,0
Symphony No.2,D major,1805,Chamber,1,1,1,0,0,0,0,0,0,0,0,0,1,0,0,0,1,0,0,0,0,0,0,0,0,0,0,0,0,0
Piano Concerto No.3,C minor,1800,Orchestral,0,0,1,0,0,0,1,0,0,0,0,0,1,0,0,0,0,0,0,0,0,1,0,0,0,0,0,0,0,0
Trio,Eb­ major,1802,Chamber,1,1,1,0,0,1,0,0,1,0,0,0,1,0,0,0,1,0,0,0,0,0,0,0,0,0,0,0,0,0
Preludes (2) ('par tous les 12 tons majeurs'),C major,1789,Keyboard,0,0,1,0,0,0,0,0,0,0,0,0,1,0,0,0,0,1,0,0,0,0,0,0,0,0,1,0,0,0
Romance,G major,1800,Orchestral,1,0,0,0,0,0,1,0,0,0,0,0,0,0,0,0,1,0,0,0,0,1,0,0,0,0,0,0,0,0
Serenade,D major,1803,Chamber,0,0,1,0,0,0,0,0,0,0,0,0,1,0,0,0,0,0,1,0,0,0,0,0,0,0,0,0,0,0
Notturno,D major,1803,Chamber,0,0,1,1,0,0,0,0,0,0,0,0,1,0,0,0,1,0,0,0,0,0,0,0,0,0,0,0,0,0
Die Geschöpfe des Prometheus (The Creatures of Prometheus),NA,1800,Stage,0,0,0,0,0,0,1,0,0,0,0,0,0,0,0,0,0,0,0,0,0,1,0,0,0,0,0,0,0,0
Variations (14),Eb­ major,1792,Chamber,1,0,1,1,0,0,0,0,0,0,0,0,1,0,0,0,1,0,0,0,0,0,0,0,0,0,0,0,0,0
Marches (3),NA,1803,Keyboard,0,0,1,0,1,0,0,0,0,0,0,0,1,0,0,0,0,0,0,0,0,0,0,0,0,0,0,0,0,0
"Adelaide (""Einsam wandelt dein Freund"")",Bb­ major,1794,Vocal,0,0,1,0,0,0,0,0,0,0,0,0,1,0,0,0,1,0,0,0,0,0,0,0,0,0,0,0,0,0
"Violin Sonata No.9 (""Kreutzer"")",A major,1802,Chamber,1,0,1,0,0,0,0,0,0,0,0,0,1,0,0,0,1,0,0,0,0,0,0,0,0,0,0,0,0,0
"Lieder: Bitten (""Gott, deine Güte reicht so weit"")",E major,1801,Vocal,0,0,1,0,0,0,0,0,0,0,0,0,1,0,0,0,1,0,0,0,0,0,0,0,0,0,0,0,0,0
"Lieder: Die Liebe des Nächsten (""So jemand spricht: Ich liebe Gott!"")",Eb­ major,1801,Vocal,0,0,1,0,0,0,0,0,0,0,0,0,1,0,0,0,1,0,0,0,0,0,0,0,0,0,0,0,0,0
"Lieder: Vom Tode (""Meine Lebenszeit verstreicht"")",F# minor,1801,Vocal,0,0,1,0,0,0,0,0,0,0,0,0,1,0,0,0,1,0,0,0,0,0,0,0,0,0,0,0,0,0
"Lieder: Die Ehre Gottes aus der Natur (""Die Himmel rühmen des Ewigen Ehre"")",C major,1801,Vocal,0,0,1,0,0,0,0,0,0,0,0,0,1,0,0,0,1,0,0,0,0,0,0,0,0,0,0,0,0,0
"Lieder: Gottes Macht und Vorsehung (""Gott ist mein Leid!"")",C major,1801,Vocal,0,0,1,0,0,0,0,0,0,0,0,0,1,0,0,0,1,0,0,0,0,0,0,0,0,0,0,0,0,0
"Lieder: Bußlied (""An dir allein, an dir hab ich gendigt"")",A minor,1801,Vocal,0,0,1,0,0,0,0,0,0,0,0,0,1,0,0,0,1,0,0,0,0,0,0,0,0,0,0,0,0,0
Piano Sonata No.19,G minor,1797,Keyboard,0,0,1,0,0,0,0,0,0,0,0,0,1,0,0,0,0,0,0,0,0,0,0,0,0,0,0,0,0,0
Piano Sonata No.20,G major,1795,Keyboard,0,0,1,0,0,0,0,0,0,0,0,0,1,0,0,0,0,0,0,0,0,0,0,0,0,0,0,0,0,0
Romance,F major,1798,Orchestral,1,0,0,0,0,0,1,0,0,0,0,0,0,0,0,0,1,0,0,0,0,1,0,0,0,0,0,0,0,0
Rondos (2),NA,1796,Keyboard,0,0,1,0,0,0,0,0,0,0,0,0,1,0,0,0,0,0,0,0,0,0,0,0,0,0,0,0,0,0
"Lieder: Urians Reise um die Welt (""Wenn jemand eine Reise tut"")",A minor,1785,Vocal,0,0,1,0,0,0,0,0,0,0,0,0,1,0,0,0,1,0,0,0,0,0,0,0,0,0,0,0,0,0
"Lieder: Feuerfarb (""Ich weiß eine Farbe"")",G major,1785,Vocal,0,0,1,0,0,0,0,0,0,0,0,0,1,0,0,0,1,0,0,0,0,0,0,0,0,0,0,0,0,0
"Lieder: Das Liedchen von der Ruhe (""Im Arm der Liebe ruht sich's wohl"")",F major,1785,Vocal,0,0,1,0,0,0,0,0,0,0,0,0,1,0,0,0,1,0,0,0,0,0,0,0,0,0,0,0,0,0
"Lieder: Maigesang (Mailied) (""Wie herrlich leuchtet mir dir Natur"")",Eb­ major,1785,Vocal,0,0,1,0,0,0,0,0,0,0,0,0,1,0,0,0,1,0,0,0,0,0,0,0,0,0,0,0,0,0
"Lieder: Mollys Abschied (""Lebe wohl, du Mann"")",G major,1785,Vocal,0,0,1,0,0,0,0,0,0,0,0,0,1,0,0,0,1,0,0,0,0,0,0,0,0,0,0,0,0,0
"Lieder: Die Liebe (""Ohne Liebe lebe wer da kann"")",F major,1785,Vocal,0,0,1,0,0,0,0,0,0,0,0,0,1,0,0,0,1,0,0,0,0,0,0,0,0,0,0,0,0,0
"Lieder: Marmotte (""Ich komme schon durch manches Land"")",A major,1785,Vocal,0,0,1,0,0,0,0,0,0,0,0,0,1,0,0,0,1,0,0,0,0,0,0,0,0,0,0,0,0,0
"Lieder: Das Blümchen Wunderhold (""Es blüht ein Blümchen irgendwo"")",G major,1785,Vocal,0,0,1,0,0,0,0,0,0,0,0,0,1,0,0,0,1,0,0,0,0,0,0,0,0,0,0,0,0,0
"Piano Sonata No.21 (""Waldstein"")",C major,1803,Keyboard,0,0,1,0,0,0,0,0,0,0,0,0,1,0,0,0,0,0,0,0,0,0,0,0,0,0,0,0,0,0
Piano Sonata No.22,F major,1804,Keyboard,0,0,1,0,0,0,0,0,0,0,0,0,1,0,0,0,0,0,0,0,0,0,0,0,0,0,0,0,0,0
Symphony No.3 ('Eroica'),Eb­ major,1803,Orchestral,0,0,0,0,0,0,1,0,0,0,0,0,0,0,0,0,0,0,0,0,0,1,0,0,0,0,0,0,0,0
Triple Concerto,C major,1804,Orchestral,1,1,1,0,0,0,1,0,0,0,0,0,1,0,0,0,1,0,0,0,0,1,0,0,0,0,0,0,0,0
Piano Sonata No.23 ('Apassionata'),F minor,1804,Keyboard,0,0,1,0,0,0,0,0,0,0,0,0,1,0,0,0,0,0,0,0,0,0,0,0,0,0,0,0,0,0
Piano Concerto No.4,G major,1804,Orchestral,0,0,1,0,0,0,1,0,0,0,0,0,1,0,0,0,0,0,0,0,0,1,0,0,0,0,0,0,0,0
Piano Concerto No.4,G major,1804,Chamber,1,1,1,1,0,0,0,0,0,0,0,1,1,0,0,0,1,0,0,0,0,0,0,0,0,0,0,0,0,0
String Quartet ('Razumovsky Quartets') No.7,F major,1806,Chamber,1,1,0,1,0,0,0,0,0,0,0,0,0,0,0,0,1,0,0,0,0,0,0,0,0,0,0,0,0,0
String Quartet ('Razumovsky Quartets') No.8,E minor,1806,Chamber,1,1,0,1,0,0,0,0,0,0,0,0,0,0,0,0,1,0,0,0,0,0,0,0,0,0,0,0,0,0
String Quartet ('Razumovsky Quartets') No.9,C major,1806,Chamber,1,1,0,1,0,0,0,0,0,0,0,0,0,0,0,0,1,0,0,0,0,0,0,0,0,0,0,0,0,0
Symphony No.4,Bb­ major,1806,Orchestral,0,0,0,0,0,0,1,0,0,0,0,0,1,0,0,0,0,0,0,0,0,1,0,0,0,0,0,0,0,0
Violin Concerto,D major,1806,Orchestral,1,0,0,0,0,0,1,0,0,0,0,0,0,0,0,0,1,0,0,0,0,1,0,0,0,0,0,0,0,0
Piano Concerto,D major,1807,Orchestral,0,0,1,0,0,0,1,0,0,0,0,0,1,0,0,0,0,0,0,0,0,1,0,0,0,0,0,0,0,0
Coriolan,C minor,1807,Orchestral,0,0,0,0,0,0,1,0,0,0,0,0,0,0,0,0,0,0,0,0,0,1,0,0,0,0,0,0,0,0
Piano Trio,Eb­ major,NA,Chamber,1,1,0,1,0,0,0,0,0,0,0,0,0,0,0,0,1,0,0,0,0,0,0,0,0,0,0,0,0,0
Cello Sonata ('Grand Sonata'),Eb­ major,1807,Chamber,0,1,1,0,0,0,0,0,0,0,0,0,1,0,0,0,1,0,0,0,0,0,0,0,0,0,0,0,0,0
Ah! Perfido,NA,1796,Vocal,0,0,0,0,0,0,1,0,0,0,0,0,0,0,0,0,0,0,0,1,0,1,0,0,0,0,0,0,0,0
Variations on 'Ein Mädchen oder Weibchen' (12),F major,1796,Chamber,0,1,1,0,0,0,0,0,0,0,0,0,1,0,0,0,1,0,0,0,0,0,0,0,0,0,0,0,0,0
Symphony No.5,C minor,1804,Orchestral,0,0,0,0,0,0,1,0,0,0,0,0,0,0,0,0,0,0,0,0,0,1,0,0,0,0,0,0,0,0
Symphony No.6,F major,1807,Orchestral,0,0,0,0,0,0,1,0,0,0,0,0,0,0,0,0,0,0,0,0,0,1,0,0,0,0,0,0,0,0
Cello Sonata No.3,A major,1807,Chamber,0,1,1,0,0,0,0,0,0,0,0,0,1,0,0,0,1,0,0,0,0,0,0,0,0,0,0,0,0,0
Piano Trios (2):,NA,1808,Chamber,1,1,1,0,0,0,0,0,0,0,0,0,1,0,0,0,1,0,0,0,0,0,0,0,0,0,0,0,0,0
Piano Trio ('Ghost'),D major,1808,Chamber,1,1,1,0,0,0,0,0,0,0,0,0,1,0,0,0,1,0,0,0,0,0,0,0,0,0,0,0,0,0
Piano Trio,Eb­ major,1808,Chamber,1,1,1,0,0,0,0,0,0,0,0,0,1,0,0,0,1,0,0,0,0,0,0,0,0,0,0,0,0,0
Sextet,Eb­ major,1792,Chamber,0,0,0,0,0,0,0,0,1,1,1,0,0,0,0,0,0,0,0,0,0,0,0,0,0,0,0,0,0,0
"Fidelio (Leonore, oder Der Triumph der ehelichen Liebe), opera in 3 acts",NA,1804,Stage,0,0,0,0,0,0,1,0,0,0,0,0,0,0,0,0,1,0,0,0,1,1,0,0,0,0,0,0,0,0
"Fidelio (Leonore, oder Der Triumph der ehelichen Liebe), opera in 2 acts",NA,1805,Stage,0,0,0,0,0,0,1,0,0,0,0,0,0,0,0,0,1,0,0,0,1,1,0,0,0,0,0,0,0,0
"Fidelio, opera in 2 acts",NA,1814,Stage,0,0,0,0,0,0,1,0,0,0,0,0,0,0,0,0,1,0,0,0,1,1,0,0,0,0,0,0,0,0
Leonora Overture No.2,C major,1804,Orchestral,0,0,0,0,0,0,1,0,0,0,0,0,0,0,0,0,0,0,0,0,0,1,0,0,0,0,0,0,0,0
Leonora Overture No.3,C major,1806,Orchestral,0,0,0,0,0,0,1,0,0,0,0,0,0,0,0,0,0,0,0,0,0,1,0,0,0,0,0,0,0,0
Piano Concerto No.5 ('Emperor'),Eb­ major,1808,Orchestral,0,0,1,0,0,0,1,0,0,0,0,0,1,0,0,0,0,0,0,0,0,1,0,0,0,0,0,0,0,0
String Quartet No.10 ('Harp'),Eb­ major,1809,Chamber,1,1,0,1,0,0,0,0,0,0,0,0,0,0,0,0,1,0,0,0,0,0,0,0,0,0,0,0,0,0
"Gesänge: Mignon (""Kennst du das Land"")",NA,1809,Vocal,0,0,1,0,0,0,0,0,0,0,0,0,1,0,0,0,1,0,0,0,0,0,0,0,0,0,0,0,0,0
"Gesänge: Neue Liebe, neues Leben (""Herz, mein Herz, was soll das geben?"")",NA,1809,Vocal,0,0,1,0,0,0,0,0,0,0,0,0,1,0,0,0,1,0,0,0,0,0,0,0,0,0,0,0,0,0
"Gesänge: Aus Goethes Faust (""Es war einmal ein König"")",NA,1809,Vocal,0,0,1,0,0,0,0,0,0,0,0,0,1,0,0,0,1,0,0,0,0,0,0,0,0,0,0,0,0,0
"Gesänge: Gretels Warnung (""Mit Liebesblick und Spiel"")",NA,1809,Vocal,0,0,1,0,0,0,0,0,0,0,0,0,1,0,0,0,1,0,0,0,0,0,0,0,0,0,0,0,0,0
"Gesänge: An den fernen Geliebten (""Einst wohnten süsse Ruh'"")",NA,1809,Vocal,0,0,1,0,0,0,0,0,0,0,0,0,1,0,0,0,1,0,0,0,0,0,0,0,0,0,0,0,0,0
"Gesänge: Der Zufriedene (""Zwar schuf das Glück hienieden"")",NA,1809,Vocal,0,0,1,0,0,0,0,0,0,0,0,0,1,0,0,0,1,0,0,0,0,0,0,0,0,0,0,0,0,0
Variations (6),D major,1809,Keyboard,0,0,1,0,0,0,0,0,0,0,0,0,1,0,0,0,0,0,0,0,0,0,0,0,0,0,0,0,0,0
Fantasia,G minor,1809,Keyboard,0,0,1,0,0,0,0,0,0,0,0,0,1,0,0,0,0,0,0,0,0,0,0,0,0,0,0,0,0,0
Piano Sonata No.24 ('A Thérèse'),F# major,1809,Keyboard,0,0,1,0,0,0,0,0,0,0,0,0,1,0,0,0,0,0,0,0,0,0,0,0,0,0,0,0,0,0
Piano Sonata No.25 ('Cuckoo'),G major,1809,Keyboard,0,0,1,0,0,0,0,0,0,0,0,0,1,0,0,0,0,0,0,0,0,0,0,0,0,0,0,0,0,0
Fantasia in C minor ('Choral Fantasia'),C minor,1808,Vocal,0,0,1,0,0,0,1,0,0,0,0,0,1,0,0,0,0,0,0,0,0,1,0,0,0,0,0,0,0,0
Piano Sonata No.26 ('Les adieux'),Eb­ major,1809,Keyboard,0,0,1,0,0,0,0,0,0,0,0,0,1,0,0,0,0,0,0,0,0,0,0,0,0,0,0,0,0,0
Sextet in E-flat major,Eb­ major,1795,Chamber,1,1,0,1,0,0,0,0,0,0,1,0,0,0,0,0,1,0,0,0,0,0,0,0,0,0,0,0,0,0
"Arietten und ein Duett: Hoffnung (""Dimmi, ben mio, che m'ami"")",NA,1809,Vocal,0,0,1,0,0,0,0,0,0,0,0,0,1,0,0,0,1,0,0,0,0,0,0,0,0,0,0,0,0,0
"Arietten und ein Duett: Liebes-Klage (""T'intendo, si, mio cor"")",NA,1809,Vocal,0,0,1,0,0,0,0,0,0,0,0,0,1,0,0,0,1,0,0,0,0,0,0,0,0,0,0,0,0,0
"Arietten und ein Duett: Che fa il mio bene? (""L'amante impatiente"")",NA,1809,Vocal,0,0,1,0,0,0,0,0,0,0,0,0,1,0,0,0,1,0,0,0,0,0,0,0,0,0,0,0,0,0
"Arietten und ein Duett: Che fa il mio bene? (""L'amante impatiente"")",NA,1809,Vocal,0,0,1,0,0,0,0,0,0,0,0,0,1,0,0,0,1,0,0,0,0,0,0,0,0,0,0,0,0,0
"Arietten und ein Duett: Lebensgenuß (""Odi l'aura che dolce sospira"")",NA,1809,Vocal,0,0,1,0,0,0,0,0,0,0,0,0,1,0,0,0,1,0,0,0,1,0,0,0,0,0,0,0,0,0
"Gesänge: Wonne der Wehmut (""Trocknet nicht, Tränen der ewigen Liebe!"")",NA,1810,Vocal,0,0,1,0,0,0,0,0,0,0,0,0,1,0,0,0,1,0,0,0,0,0,0,0,0,0,0,0,0,0
"Gesänge: Sensucht (""Was zieht mir das Herz so?"")",NA,1810,Vocal,0,0,1,0,0,0,0,0,0,0,0,0,1,0,0,0,1,0,0,0,0,0,0,0,0,0,0,0,0,0
"Gesänge: Mit einem gemalten Band (""Kleine Blumen, kleine Blätter streuen wir mit leichter Hand"")",NA,1810,Vocal,0,0,1,0,0,0,0,0,0,0,0,0,1,0,0,0,1,0,0,0,0,0,0,0,0,0,0,0,0,0
Egmont,NA,1809,Stage,0,0,0,0,0,0,1,0,0,0,0,0,0,0,0,0,1,0,0,0,1,1,0,0,0,0,0,0,0,0
Christus am Ölberge ('Christ on the Mount of Olives'),NA,1803,Vocal,0,0,0,0,0,0,1,0,0,0,0,0,0,0,0,0,1,0,0,0,1,1,0,0,0,0,0,0,0,0
Mass,C major,1807,Vocal,0,1,0,0,0,0,1,0,0,0,0,0,0,0,0,0,1,0,0,0,1,1,0,0,0,0,0,0,0,0
Trio,C major,1794,Chamber,0,0,0,0,0,0,0,1,0,0,0,0,0,0,0,0,0,0,0,0,0,0,1,0,0,0,0,0,0,0
"Das Glück der Freundschaft (""Der lebt ein Leben wonniglich"")",NA,1803,Vocal,0,0,1,0,0,0,0,0,0,0,0,0,1,0,0,0,1,0,0,0,0,0,0,0,0,0,0,0,0,0
Polonaise in C major,C major,1814,Keyboard,0,0,1,0,0,0,0,0,0,0,0,0,1,0,0,0,0,0,0,0,0,0,0,0,0,0,0,0,0,0
Piano Sonata No.27,E minor,1814,Keyboard,0,0,1,0,0,0,0,0,0,0,0,0,1,0,0,0,0,0,0,0,0,0,0,0,0,0,0,0,0,0
Wellingtons Sieg (Wellington's Victory or 'Battle Symphony'),NA,1813,Orchestral,0,0,0,0,0,0,1,0,0,0,0,0,0,0,0,0,0,0,0,0,0,1,0,0,0,0,0,0,0,0
Symphony No.7,A major,1811,Orchestral,0,0,0,0,0,0,1,0,0,0,0,0,0,0,0,0,0,0,0,0,0,1,0,0,0,0,0,0,0,0
Symphony No.8,F major,1812,Orchestral,0,0,0,0,0,0,1,0,0,0,0,0,0,0,0,0,0,0,0,0,0,1,0,0,0,0,0,0,0,0
"An die Hoffnung (""Ob ein Gott sei?"")",Bb­ minor,1813,Vocal,0,0,1,0,0,0,0,0,0,0,0,0,1,0,0,0,1,0,0,0,0,0,0,0,0,0,0,0,0,0
"String Quartet No.11 (""Serioso"")",F minor,1810,Chamber,1,1,0,1,0,0,0,0,0,0,0,0,0,0,0,0,1,0,0,0,0,0,0,0,0,0,0,0,0,0
"Violin Sonata No.10 (""Cock-crow"")",G major,1812,Chamber,1,0,1,0,0,0,0,0,0,0,0,0,1,0,0,0,1,0,0,0,0,0,0,0,0,0,0,0,0,0
"Piano Trio(""Archduke"")",Bb­ major,1810,Chamber,1,1,0,1,0,0,0,0,0,0,0,0,0,0,0,0,1,0,0,0,0,0,0,0,0,0,0,0,0,0
"An die ferne Geliebte: Auf dem Hügel sitz' ich, spähend",NA,1816,Vocal,0,0,1,0,0,0,0,0,0,0,0,0,1,0,0,0,1,0,0,0,0,0,0,0,0,0,0,0,0,0
An die ferne Geliebte: Wo die Bergen so blau,NA,1816,Vocal,0,0,1,0,0,0,0,0,0,0,0,0,1,0,0,0,1,0,0,0,0,0,0,0,0,0,0,0,0,0
An die ferne Geliebte: Leichte Segler in den Höhen,NA,1816,Vocal,0,0,1,0,0,0,0,0,0,0,0,0,1,0,0,0,1,0,0,0,0,0,0,0,0,0,0,0,0,0
An die ferne Geliebte: Diese Wolken in den Höhen,NA,1816,Vocal,0,0,1,0,0,0,0,0,0,0,0,0,1,0,0,0,1,0,0,0,0,0,0,0,0,0,0,0,0,0
An die ferne Geliebte: Es kehret der Maien,NA,1816,Vocal,0,0,1,0,0,0,0,0,0,0,0,0,1,0,0,0,1,0,0,0,0,0,0,0,0,0,0,0,0,0
"An die ferne Geliebte: Nimm sie hin denn, diese Lieder",NA,1816,Vocal,0,0,1,0,0,0,0,0,0,0,0,0,1,0,0,0,1,0,0,0,0,0,0,0,0,0,0,0,0,0
"Der Mann von Wort (""Du sagtest, Freund"")",G major,1816,Vocal,0,0,1,0,0,0,0,0,0,0,0,0,1,0,0,0,1,0,0,0,0,0,0,0,0,0,0,0,0,0
Merkenstein,F major,1815,Vocal,0,0,1,0,0,0,0,0,0,0,0,0,1,0,0,0,1,0,0,0,1,0,0,0,0,0,0,0,0,0
Piano Sonata No.28,A major,1816,Keyboard,0,0,1,0,0,0,0,0,0,0,0,0,1,0,0,0,0,0,0,0,0,0,0,0,0,0,0,0,0,0
Cello Sonata No.4,C major,1815,Chamber,0,1,1,0,0,0,0,0,0,0,0,0,1,0,0,0,1,0,0,0,0,0,0,0,0,0,0,0,0,0
Cello Sonata No.5,D major,1815,Chamber,0,1,1,0,0,0,0,0,0,0,0,0,1,0,0,0,1,0,0,0,0,0,0,0,0,0,0,0,0,0
Wind Octet,Eb­ major,1792,Chamber,0,0,0,0,0,0,0,1,1,1,1,0,0,0,0,0,0,0,0,0,0,0,0,0,0,0,0,0,0,0
String Quintet,C minor,1817,Quintets,1,1,0,1,0,0,0,0,0,0,0,0,0,0,0,0,1,0,0,0,0,0,0,0,0,0,0,0,0,0
National Airs with Variations (6),NA,1818,Chamber,1,0,1,0,0,0,0,0,0,0,0,0,1,0,0,0,1,0,1,0,0,0,0,1,0,0,0,0,0,0
"Air écossais (""The Cottage Maid"")",G major,1818,Chamber,1,0,1,0,0,0,0,0,0,0,0,0,1,0,0,0,1,0,1,0,0,0,0,1,0,0,0,0,0,0
Air écossais,C minor,1819,Chamber,1,0,1,0,0,0,0,0,0,0,0,0,1,0,0,0,1,0,1,0,0,0,0,1,0,0,0,0,0,0
"Air autrichien (""A Schsserl und a Reindel"")",C major,1818,Chamber,1,0,1,0,0,0,0,0,0,0,0,0,1,0,0,0,1,0,1,0,0,0,0,1,0,0,0,0,0,0
"Air écossais (""The Last Rose of Summer"")",Eb­ major,1818,Chamber,1,0,1,0,0,0,0,0,0,0,0,0,1,0,0,0,1,0,1,0,0,0,0,1,0,0,0,0,0,0
"Air écossais (""Chiling O'Guiry"")",Eb­ major,1818,Chamber,1,0,1,0,0,0,0,0,0,0,0,0,1,0,0,0,1,0,1,0,0,0,0,1,0,0,0,0,0,0
"Air écossais (""Paddy Whack"")",D major,1818,Chamber,1,0,1,0,0,0,0,0,0,0,0,0,1,0,0,0,1,0,1,0,0,0,0,1,0,0,0,0,0,0
"Piano Sonata No.29 (""Hammerklavier"")",Bb­ major,1816,Keyboard,0,0,1,0,0,0,0,0,0,0,0,0,1,0,0,0,0,0,0,0,0,0,0,0,0,0,0,0,0,0
"National Airs with Variations: Air tirolien (""I bin a Tiroler Bua"")",NA,1819,Chamber,1,0,1,0,0,0,0,0,0,0,0,0,1,0,0,0,1,0,1,0,0,0,0,1,0,0,0,0,0,0
"National Airs with Variations: Air Écossais (""Bonnie Laddie, Highland Laddie"")",NA,1818,Chamber,1,0,1,0,0,0,0,0,0,0,0,0,1,0,0,0,1,0,1,0,0,0,0,1,0,0,0,0,0,0
National Airs with Variations: Air de la petite Russie,NA,1819,Chamber,1,0,1,0,0,0,0,0,0,0,0,0,1,0,0,0,1,0,1,0,0,0,0,1,0,0,0,0,0,0
"National Airs with Variations: Air Écossais (""St. Patrick's Day"")",NA,1819,Chamber,1,0,1,0,0,0,0,0,0,0,0,0,1,0,0,0,1,0,1,0,0,0,0,1,0,0,0,0,0,0
"National Airs with Variations: Air tirolien (""A Madel, ja a Madel"")",NA,1818,Chamber,1,0,1,0,0,0,0,0,0,0,0,0,1,0,0,0,1,0,1,0,0,0,0,1,0,0,0,0,0,0
"National Airs with Variations: Air Écossais (""Merch Megan"")",NA,1818,Chamber,1,0,1,0,0,0,0,0,0,0,0,0,1,0,0,0,1,0,1,0,0,0,0,1,0,0,0,0,0,0
"National Airs with Variations: Air russe (""Schöne Minka"")",NA,1818,Chamber,1,0,1,0,0,0,0,0,0,0,0,0,1,0,0,0,1,0,1,0,0,0,0,1,0,0,0,0,0,0
"National Airs with Variations: Air Écossais (""O, Mary at thy Window Be"")",NA,1818,Chamber,1,0,1,0,0,0,0,0,0,0,0,0,1,0,0,0,1,0,1,0,0,0,0,1,0,0,0,0,0,0
"National Airs with Variations: Air Écossais (""Oh, Thou art the Lad of my Heart"")",NA,1818,Chamber,1,0,1,0,0,0,0,0,0,0,0,0,1,0,0,0,1,0,1,0,0,0,0,1,0,0,0,0,0,0
"National Airs with Variations: Air Écossais (""The Highland Watch"")",NA,1818,Chamber,1,0,1,0,0,0,0,0,0,0,0,0,1,0,0,0,1,0,1,0,0,0,0,1,0,0,0,0,0,0
"Scottish Songs: Music, Love and Wine (""O let me music hear, night and day!"")",NA,1817,Vocal,1,1,1,0,0,0,0,0,0,0,0,0,1,0,0,0,1,0,0,0,0,0,0,0,0,0,0,0,0,0
"Scottish Songs: Sunset (""The sun upon the Weirdlaw Hill"")",NA,1818,Vocal,1,1,1,0,0,0,0,0,0,0,0,0,1,0,0,0,1,0,0,0,0,0,0,0,0,0,0,0,0,0
Scottish Songs: O Sweet were the Hours,NA,1817,Vocal,1,1,1,0,0,0,0,0,0,0,0,0,1,0,0,0,1,0,0,0,0,0,0,0,0,0,0,0,0,0
"Scottish Songs: The Maid of Isla (""O maid of Isla from yon cliff"")",NA,1817,Vocal,1,1,1,0,0,0,0,0,0,0,0,0,1,0,0,0,1,0,0,0,0,0,0,0,0,0,0,0,0,0
Scottish Songs: The Sweetest Lad was Jamie,NA,1815,Vocal,1,1,1,0,0,0,0,0,0,0,0,0,1,0,0,0,1,0,0,0,0,0,0,0,0,0,0,0,0,0
"Scottish Songs: Dim, Dim is my Eye",NA,1815,Vocal,1,1,1,0,0,0,0,0,0,0,0,0,1,0,0,0,1,0,0,0,0,0,0,0,0,0,0,0,0,0
"Scottish Songs: Bonnie Laddie, Highland Laddie (""Where got ye that siller moon"")",NA,1815,Vocal,1,1,1,0,0,0,0,0,0,0,0,0,1,0,0,0,1,0,0,0,0,0,0,0,0,0,0,0,0,0
Scottish Songs: The Lovely Lass of Inverness,NA,1816,Vocal,1,1,1,0,0,0,0,0,0,0,0,0,1,0,0,0,1,0,0,0,0,0,0,0,0,0,0,0,0,0
Scottish Songs: Behold my Love how Green the Groves,NA,1817,Vocal,1,1,1,0,0,0,0,0,0,0,0,0,1,0,0,0,1,0,0,0,0,0,0,0,0,0,0,0,0,0
"Scottish Songs: Sympathy (""Why, Julia, say, that pensive mien?"")",NA,1815,Vocal,1,1,1,0,0,0,0,0,0,0,0,0,1,0,0,0,1,0,0,0,0,0,0,0,0,0,0,0,0,0
Scottish Songs: O! Thou Art the Lad of my Heart,NA,1815,Vocal,1,1,1,0,0,0,0,0,0,0,0,0,1,0,0,0,1,0,0,0,0,0,0,0,0,0,0,0,0,0
"Scottish Songs: O, Had My Fate Been Join'd With Thine",NA,1816,Vocal,1,1,1,0,0,0,0,0,0,0,0,0,1,0,0,0,1,0,0,0,0,0,0,0,0,0,0,0,0,0
"Scottish Songs: Come Fill, Fill, my Good fellow!",NA,1817,Vocal,1,1,1,0,0,0,0,0,0,0,0,0,1,0,0,0,1,0,0,0,0,0,0,0,0,0,0,0,0,0
"Scottish Songs: O, How Can I Be Blithe and Glad",NA,1816,Vocal,1,1,1,0,0,0,0,0,0,0,0,0,1,0,0,0,1,0,0,0,0,0,0,0,0,0,0,0,0,0
Scottish Songs: O Cruel Was My Father,NA,1816,Vocal,1,1,1,0,0,0,0,0,0,0,0,0,1,0,0,0,1,0,0,0,0,0,0,0,0,0,0,0,0,0
Scottish Songs: Could This Ill World Have Been Contriv'd,NA,1816,Vocal,1,1,1,0,0,0,0,0,0,0,0,0,1,0,0,0,1,0,0,0,0,0,0,0,0,0,0,0,0,0
"Scottish Songs: O Mary, at Thy Window Be",NA,1817,Vocal,1,1,1,0,0,0,0,0,0,0,0,0,1,0,0,0,1,0,0,0,0,0,0,0,0,0,0,0,0,0
"Scottish Songs: Enchantress, Farewell",NA,1818,Vocal,1,1,1,0,0,0,0,0,0,0,0,0,1,0,0,0,1,0,0,0,0,0,0,0,0,0,0,0,0,0
Scottish Songs: O Swiftly Glides the Bonny Boat,NA,1815,Vocal,1,1,1,0,0,0,0,0,0,0,0,0,1,0,0,0,1,0,0,0,0,0,0,0,0,0,0,0,0,0
Scottish Songs: Faithfu' Johnie (When will you come again),NA,1813,Vocal,1,1,1,0,0,0,0,0,0,0,0,0,1,0,0,0,1,0,0,0,0,0,0,0,0,0,0,0,0,0
"Scottish Songs: Jeanie's Distress (""By William late offended"")",NA,1817,Vocal,1,1,1,0,0,0,0,0,0,0,0,0,1,0,0,0,1,0,0,0,0,0,0,0,0,0,0,0,0,0
"Scottish Songs: The Highland Watch (""Old Scotia, wake thy mountain strain"")",NA,1817,Vocal,1,1,1,0,0,0,0,0,0,0,0,0,1,0,0,0,1,0,0,0,0,0,0,0,0,0,0,0,0,0
"Scottish Songs: The Shepherd's Song (""The gowan glitters on the sward"")",NA,1818,Vocal,1,1,1,0,0,0,0,0,0,0,0,0,1,0,0,0,1,0,0,0,0,0,0,0,0,0,0,0,0,0
"Scottish Songs: Again, my Lyre",NA,1815,Vocal,1,1,1,0,0,0,0,0,0,0,0,0,1,0,0,0,1,0,0,0,0,0,0,0,0,0,0,0,0,0
"Scottish Songs: Sally in Our Alley (""Of all the girls that are so smart"")",NA,1817,Vocal,1,1,1,0,0,0,0,0,0,0,0,0,1,0,0,0,1,0,0,0,0,0,0,0,0,0,0,0,0,0
Piano Sonata No.30,E major,1820,Keyboard,0,0,1,0,0,0,0,0,0,0,0,0,1,0,0,0,0,0,0,0,0,0,0,0,0,0,0,0,0,0
Piano Sonata No.31,Ab­ major,1821,Keyboard,0,0,1,0,0,0,0,0,0,0,0,0,1,0,0,0,0,0,0,0,0,0,0,0,0,0,0,0,0,0
Piano Sonata No.32,C minor,1821,Keyboard,0,0,1,0,0,0,0,0,0,0,0,0,1,0,0,0,0,0,0,0,0,0,0,0,0,0,0,0,0,0
Meeresstille und glückliche Fahrt(Calm Sea & Prosperous Voyage),D major,1814,Orchestral,0,0,0,0,0,0,1,0,0,0,0,0,0,0,0,0,0,0,0,0,0,1,0,0,0,0,0,0,0,0
"Die Ruinen von Athen (The Ruins of Athens), music to Kotzebue's drama",NA,1811,Stage,0,0,0,0,0,0,1,0,0,0,0,0,0,0,0,0,1,0,0,0,1,1,0,0,0,0,0,0,0,0
"Die Ruinen von Athen (The Ruins of Athens), music to Kotzebue's drama",NA,1822,Stage,0,0,0,0,0,0,1,0,0,0,0,0,0,0,0,0,1,0,0,0,1,1,0,0,0,0,0,0,0,0
"Overture, 'Zur Namensfeier' (Name-Day)",C major,1814,Orchestral,0,0,0,0,0,0,1,0,0,0,0,0,0,0,0,0,0,0,0,0,0,1,0,0,0,0,0,0,0,0
"Tremate, empi tremate",Bb­ major,1802,Vocal,0,0,0,0,0,0,1,0,0,0,0,0,0,0,0,0,1,0,0,0,1,1,0,0,0,0,0,0,0,0
"König Stephan (King Stephen), music to Kotzebue's play",Eb­ major,1811,Stage,0,0,0,0,0,0,1,0,0,0,0,0,0,0,0,0,1,0,0,0,1,1,0,0,0,0,0,0,0,0
"Elegischer Gesang (""Sanft wie du lebtest"")",NA,1814,Vocal,1,1,0,1,0,0,0,0,0,0,0,0,0,0,0,0,1,0,0,0,1,0,0,0,0,0,0,0,0,0
Bagatelles (11),NA,1820,Keyboard,0,0,1,0,0,0,0,0,0,0,0,0,1,0,0,0,0,0,0,0,0,0,0,0,0,0,0,0,0,0
Veränderungen über einen Walzer ('Diabelli Variations'),C major,1819,Keyboard,0,0,1,0,0,0,0,0,0,0,0,0,1,0,0,0,0,0,0,0,0,0,0,0,0,0,0,0,0,0
Variations on 'Ich bin der Schneider Kakadu' (10),G major,1803,Chamber,1,0,1,1,0,0,0,0,0,0,0,0,1,0,0,0,1,0,0,0,0,0,0,0,0,0,0,0,0,0
"Opferlied (""Die Flamme lodert"")",E major,1822,Vocal,0,0,0,0,0,0,1,0,0,0,0,0,0,0,0,0,1,0,0,0,1,1,0,0,0,0,0,0,0,0
"Bundeslied (""In allen guten Stunden"")",Bb­ major,1822,Vocal,0,0,0,0,0,0,0,0,0,0,0,0,0,0,0,0,1,0,0,0,1,1,0,0,1,1,0,0,0,0
Missa solemnis,D major,1819,Vocal,0,0,0,0,0,0,1,0,0,0,0,0,0,0,0,0,1,0,0,0,1,1,0,0,0,0,1,0,0,0
"Die Weihe des Hauses, overture",C major,1822,Orchestral,0,0,0,0,0,0,1,0,0,0,0,0,0,0,0,0,0,0,0,0,0,1,0,0,0,0,0,0,0,0
Symphony No.9,D minor,1817,Vocal,0,0,0,0,0,0,0,0,0,0,0,0,0,0,0,0,0,0,0,1,0,1,0,0,0,0,0,1,1,1
Bagatelles (6),NA,1824,Keyboard,0,0,1,0,0,0,0,0,0,0,0,0,1,0,0,0,0,0,0,0,0,0,0,0,0,0,0,0,0,0
String Quartet No.12,Eb­ major,1822,Chamber,1,1,0,1,0,0,0,0,0,0,0,0,0,0,0,0,1,0,0,0,0,0,0,0,0,0,0,0,0,0
"Der Kuß (""Ich var bei Chloen ganz allein"")",A major,1798,Vocal,0,0,1,0,0,0,0,0,0,0,0,0,1,0,0,0,1,0,0,0,0,0,0,0,0,0,0,0,0,0
Rondo a capriccio ('Rage Over a Lost Penny'),G major,1795,Keyboard,0,0,1,0,0,0,0,0,0,0,0,0,1,0,0,0,0,0,0,0,0,0,0,0,0,0,0,0,0,0
String Quartet No.13,Bb­ major,1826,Chamber,1,1,0,1,0,0,0,0,0,0,0,0,0,0,0,0,1,0,0,0,0,0,0,0,0,0,0,0,0,0
String Quartet No.14,C# minor,1825,Chamber,1,1,0,1,0,0,0,0,0,0,0,0,0,0,0,0,1,0,0,0,0,0,0,0,0,0,0,0,0,0
String Quartet No.15 ('Heiliger Dankgesang'),A minor,1823,Chamber,1,1,0,1,0,0,0,0,0,0,0,0,0,0,0,0,1,0,0,0,0,0,0,0,0,0,0,0,0,0
Große Fuge,Bb­ major,1825,Chamber,1,1,0,1,0,0,0,0,0,0,0,0,0,0,0,0,1,0,0,0,0,0,0,0,0,0,0,0,0,0
Große Fuge,Bb­ major,1826,Keyboard,0,0,1,0,1,0,0,0,0,0,0,0,1,0,0,0,0,0,0,0,0,0,0,0,0,0,0,0,0,0
String Quartet No.16,F major,1826,Chamber,1,1,0,1,0,0,0,0,0,0,0,0,0,0,0,0,1,0,0,0,0,0,0,0,0,0,0,0,0,0
Der glorreiche Augenblick (The Glorious Moment),NA,1814,Vocal,0,0,0,0,0,0,1,0,0,0,0,0,0,0,0,0,1,0,0,0,1,1,0,0,0,0,0,0,0,0
Fugue in D major,D major,1817,Chamber,1,1,0,1,0,0,0,0,0,0,0,0,0,0,0,0,1,0,0,0,0,0,0,0,0,0,0,0,0,0
Leonora Overture No.1,C major,1807,Orchestral,0,0,0,0,0,0,1,0,0,0,0,0,0,0,0,0,0,0,0,0,0,1,0,0,0,0,0,0,0,0
